Time,Device,Direction,PacketRate,Mbit,MbitWithFraming,TotalPackets,TotalBytes
1707826340,Device: id=0,TX,0.27455014560417,777.68311330994,821.61113660661,274937,97346722
1707826341,Device: id=0,TX,0.20318318364439,575.15620791481,607.66551729791,478931,169528148
1707826342,Device: id=0,TX,0.25721697783514,729.53996855937,770.694685013,741293,262544736
1707826343,Device: id=0,TX,0.54207320874182,1533.6222912374,1620.3540046361,1283379,454252046
1707826344,Device: id=0,TX,1.7527960191059,4958.6507180927,5239.0980811497,3036183,1074086208
1707826345,Device: id=0,TX,1.7519184551409,4961.0817944919,5241.3887473145,4788149,1694238262
1707826346,Device: id=0,TX,1.7582016995649,4964.492601588,5245.8048735183,6546356,2314801708
1707826347,Device: id=0,TX,1.7553122812479,4963.9987121303,5244.84867713,8301723,2935320890
